,mean_raw,std_raw,mean_norm,std_norm,mean_first_diff_raw,mean_second_diff_raw,mean_first_diff_norm,mean_second_diff_norm,theta_mean_raw,theta_std_raw,theta_mean_norm,theta_std_norm,theta_mean_first_diff_raw,theta_mean_second_diff_raw,theta_mean_first_diff_norm,theta_mean_second_diff_norm,alpha_mean_raw,alpha_std_raw,alpha_mean_norm,alpha_std_norm,alpha_mean_first_diff_raw,alpha_mean_second_diff_raw,alpha_mean_first_diff_norm,alpha_mean_second_diff_norm,beta_mean_raw,beta_std_raw,beta_mean_norm,beta_std_norm,beta_mean_first_diff_raw,beta_mean_second_diff_raw,beta_mean_first_diff_norm,beta_mean_second_diff_norm,theta_PSD,alpha_PSD,beta_PSD,activity,mobility,complexity,alpha_energy,beta_energy,gamma_energy,alpha_ree,beta_ree,gamma_ree
0,-1.9884864997765654,-0.8113877580794859,-1.5107311581615563,-0.4602413970031233,0.9117033705849167,0.568631004948905,1.6732095065583807,1.3114236881304222,1.111172283253177,-1.3079662251989905,-1.1762880802485665,-0.07905626630135952,-1.3176460077488614,-1.3183314387819667,0.05120077143219835,0.048051427195343464,1.3346646259234187,-0.6483232997549054,0.12409733462592412,0.27990260092006786,-0.45139795729748433,-0.45952650747322266,0.5186373781200393,0.5095728477416117,1.2213334952874906,0.3647100466886499,-2.200589419942648,-0.43781908615596243,0.5772679841800116,0.48400683259419597,-0.07696108801514823,-0.2329542406918709,-1.4340587395403914,-0.6026819649439685,0.6135948670043777,0.28668096197121545,2.38386660262471,-2.1873140249323586,-0.7508412880897422,0.2439591252117478,0.8993141282215565,-1.5776386773532314,0.8735702438495191,1.9871590508586592
1,-0.09441845268974018,1.9551021696525994,-1.7417285877324407,0.4823443339954205,1.5285018241523969,1.6425935246263177,0.10223188567301184,-0.03622033796214912,0.10577486551983592,1.892595117468868,1.1734917679899537,0.6978166465978853,1.838824522005399,1.8382622337645453,0.3619725419065247,0.36331359871115987,0.1961530663335965,1.7147070025423723,0.06231448515151419,-1.1920842891168217,1.3199140253301471,1.3224911416500567,-1.4836136024886841,-1.4807489882850249,-0.31989325722095346,1.5801514995542747,-0.945565915510198,-0.5450671313760257,1.5599361596516523,1.5679280724107574,-0.26756178778906664,-0.3608137912975057,1.7502533264295637,1.5499708640738963,1.6062361375115595,0.5155858499557608,-0.5902786213760928,1.3374580456851985,1.3057673221814268,1.3056994679664882,1.2578171671667533,-0.342573876180165,-0.1278264796520509,0.7236806292993877
2,0.20285992713773235,1.1675419973482417,0.4936204517770913,0.22232923696016624,0.4895474521966178,0.6595833831019822,-0.39939841442132556,-0.3994864032286927,0.6415842678531202,1.2282288540968416,0.7828942774940687,0.5619669097150393,1.1348835997963858,1.138143738374236,0.2437597212772637,0.24815899849954196,-0.0823873605247682,1.4605049355023834,-0.6180175323130271,-0.3291728698174467,1.2746546752460364,1.2742985046015465,-0.6147709036320168,-0.613502087748685,-0.6870900802632096,0.5346077193892408,0.6519666241938923,1.3611554125839755,0.5780429415171363,0.5687000456772379,1.5335365230651494,1.4656413222206397,1.2686336820340862,1.3716022498825609,0.7546142449786638,-0.5028789405698166,-0.8647439935881799,1.2533720675066495,1.4927196244120104,0.385924968947655,0.21601743043925745,0.7632884143876203,-1.0825573475440724,-0.354165827149595
3,0.1323405014520935,-0.25381731930146234,-0.14388173413504676,0.38219137492244204,-0.7217524231471868,-0.6644097210360603,-0.3958973572264403,-0.23726896577046988,-0.39951429931107707,-0.18297811231303196,-0.41575784919792547,0.48983633246805586,-0.08787822993180495,-0.09064329362285917,0.5106307879686046,0.5071886144451,0.07359481273374528,0.301574120876682,-0.8356218033913688,-0.22705215957308714,0.4317249619638745,0.43041593423324814,-0.1538475999215289,-0.15424929530325324,-0.2309506252219235,-0.754313371921124,-0.8242035307742084,1.0589032106862961,-0.8067958525520604,-0.7791645702965068,0.7464913216558898,0.862115140852003,0.008865897187325516,0.40585486904463114,-0.8892623475804415,-0.5900679486110998,-0.6757302681291965,0.016240797679058516,-0.12204613492023175,-0.5439263670149385,-0.7464907081481819,0.8217358024858707,-0.4687703726100414,-1.0223794383792084
4,-0.08821575896313387,-0.02023511896038415,0.62354015858051,-0.9193577053821902,0.17487954946681084,0.17796078498555104,-0.4281597613507942,-0.5321828434914786,-0.04006491968431148,-0.009167158482159002,-0.2269074553573693,-1.1416475958033134,-0.2957793445819294,-0.29576319625712155,-1.2730097545018086,-1.2731948376194397,-0.22220360340817766,0.4198605380776463,0.27408011872688354,0.5035191910948443,0.43697461454969005,0.4370013278497754,0.36223370765101726,0.36316934301088527,-0.6095337995029417,-0.20187065809859098,1.1387026550634185,0.8836662956287737,-0.03782207268235054,-0.05662349393403779,1.0808331203877506,1.048998978259539,0.07514186805226744,0.4817382286989345,-0.062026127884518334,0.775988779351505,-0.09529575752732969,0.2873682678341795,0.2709777928508574,-0.10730981661476581,-0.05044459760559787,0.3300898074132558,-0.5365544029170406,-0.09022446262299948
5,-0.023006795492819355,0.6005680883483503,0.2933279601124201,1.699662748424498,1.7440322459888196,1.7040130666654565,2.5010833809085558,2.454140731476718,-0.06066789875447277,0.07898092433979559,0.6285396424473234,0.6777804326440202,0.3701502565773622,0.369924243200431,0.8794077388861913,0.8798336477676046,-0.23648668539708792,0.8762362461595842,1.6888673413367616,0.265548258098572,1.0062536996213631,1.0034860307578364,0.19916391184667026,0.19837762601862827,-0.9427874398715086,1.6090864842187256,0.0592989585206553,-0.09653401804678556,1.61496488980129,1.6412542760282227,0.2148993754203745,0.1330765425212837,0.3056261820089016,0.8865120508530829,1.6255786516977133,3.7616668111005938,1.2628956905496198,-0.9983856097547529,0.633082074497073,1.327105632454017,1.728634274843873,-1.0643551928204051,0.3275501295794432,1.5815539515550106
6,-0.8459678468534164,2.566791192017204,1.6368402404151476,-0.9215551887041196,3.9785525513161946,3.929200600829306,0.5272380922116332,0.07989279585612725,1.0159103385011274,1.9945991155585077,-0.08821263586531816,-1.8663070311355834,1.669244616544529,1.6686365700654278,-1.8824324053040729,-1.881825149058948,-0.21456539027443797,1.8243221867773025,0.14412817093215002,-0.12634922803062404,2.114963119653183,2.1219157396529487,-0.12409206062777806,-0.11640345004668345,-0.20127339855185855,3.7581570159469346,-1.2620232726934684,0.278326305359693,3.9885492107079594,3.9948529881667056,1.044419701865051,0.8387774662212053,1.6208973589581621,1.844141648457779,3.2474909734520545,0.4756354685622317,0.9118738459953036,0.23187705289268062,1.9181708652634293,4.49554916679543,4.382478707206518,-1.9699729784184488,1.303454971535455,2.285659892622681
7,0.2233559769493504,-0.0823701247762324,-0.8683372964807764,1.1101426662894365,-0.13334970013474734,-0.1317786785508901,0.5935817645434786,0.711773548336182,-0.26282838720909496,0.0663373081376114,-1.4880335702175322,0.4063038043965584,0.013976871826403508,0.018346601459914316,0.23007440010227775,0.23546704152634845,-0.8784622455098062,-0.16186761390643895,0.9841611586947243,0.4415116072487502,-0.2663045681168827,-0.2549827329579657,0.26877797485489113,0.2799757106177037,-0.5319739736674703,-0.2118042108808483,0.022853376791564108,-0.28820239217132176,-0.17382401270527206,-0.18034897616358375,-0.2544218729196146,-0.2602146302604127,0.2547034472028462,-0.22111024999040862,-0.08125163454665632,-0.6110722665312619,-0.39866862566306166,0.6206521871358445,-0.3902930688887485,-0.17594368171395786,-0.31703628320846317,-0.10489823987791942,0.3811110249537732,-0.1651251560891648
8,-0.12246518693291857,-0.039530143269508336,1.1641655577890935,0.34577494951018445,0.3485096662714542,0.21318417281888147,0.630141349235294,0.4937070648897491,1.5056674061766906,-0.13257448005373387,0.9216552858233388,0.1025331409134845,-0.32034996016277234,-0.3215647765092775,-0.1678473251728797,-0.1695194732274275,-1.4980722651947738,-0.05118960878321856,0.07426039961717511,-0.03181369277403036,-0.05439100808639051,-0.053295386157151056,-0.05591515900059214,-0.054794786826573884,-0.607553583528834,-0.12765408523855337,-1.066788535381706,-0.9444913909468505,0.0842311549383811,0.04181791030750981,-0.6662789584698784,-0.732031662342699,-0.0554636688630529,0.061912527302606775,0.14052867653585652,-0.38815656156812817,0.21924771719902394,0.08959550335402429,0.23166532460146497,-0.13296636216110727,0.20485140672076926,0.15658871369357188,-0.6656208774557884,0.3354876554676487
9,0.18946942515910162,0.2900474368518813,-0.8295212895278288,0.786380268286912,-0.22825995744250827,-0.14196174282199223,-0.09153739665024281,0.030811696730910196,0.27277119206247596,0.3200083516725547,-1.434243021923009,1.3591255073648636,0.8235270686349618,0.8255680527447011,1.7184456317697214,1.7224579283037884,0.2957806386224166,0.45028516844284644,-1.717235470031321,-0.028125457544484447,0.5551163225581273,0.5635528680750828,-0.022581734266701743,-0.014246852978185611,1.0340281073552642,-0.1330084476347835,0.8231709485325972,0.665904707528801,-0.3285895149024647,-0.2919136055220395,0.3439694194526352,0.4140216055388754,0.4989137999705933,0.4664428312520305,-0.2504215597294978,3.9016506080667717,-0.586526148992488,0.3206886434681783,0.7592449109996119,-0.2958405299145486,-0.2409148714878711,0.9912994742059579,-1.2927869005354484,-0.5640886346046231
10,-0.27473551446831335,0.1872193868286845,2.849629583865919,-2.8463705375147077,-0.37682704638160786,-0.42703038076402916,-2.2261823038439337,-2.5689291249491055,-3.2506241168126078,0.23583920397866037,1.5973507722356868,-2.247149139417926,0.0008533470655485405,-0.0010915293726883842,-2.117119768829438,-2.1183955856836696,-2.3622064702010657,-0.1969824219023441,-0.5739070112358406,-1.3415523692972953,-0.1049111953397757,-0.1115613664525844,-1.0952582856415471,-1.1008800491937385,1.0734942459937475,-0.2701762461070687,1.3077483534492944,-2.1408883883778773,-0.4032358370508256,-0.42213990471217383,-2.237059869828521,-2.247182590601287,-0.14050515110869632,-0.12786114021878425,-0.3940525012664021,0.43640491386047775,-0.18826279956444908,-0.24209328158974705,0.0011972152961339886,0.48471191389229057,-0.06847639233718893,-0.3390533487974518,0.8056823552654776,-0.14157239903610497
11,-0.21673420754338585,2.135137934558717,0.25784252525334433,-0.35149488649168653,0.6883182410402015,0.8515020384922716,-1.1691762042193807,-1.3360231709351666,-1.6914522355303578,2.3455851256513784,-0.8280658042863687,0.7440960293285315,2.0604964120965676,2.062166099670221,0.1951243596755362,0.19837020474094474,-0.9424572990160482,1.3356987248624421,1.8410323321465318,-1.0761851324317522,0.5247683326018263,0.528435111677914,-1.6575007960036796,-1.6546023518632957,0.8916058734145061,0.9096246386727806,-0.8260073579424931,-3.6662522632537016,0.5387820463187218,0.56217703289653,-3.6768496554932355,-3.7009034755659185,2.159216319122692,1.2035649294667408,1.0971723315333701,-0.45057903249551745,-1.1878858273144963,2.315435255024885,1.7632204217999963,0.8445738601078581,0.8889305114228402,0.35292762307456504,-0.9324411875374659,0.2336720134055581
12,0.11537165634490884,0.3025582808584359,0.43952852537328463,0.40828400479679666,-0.17247870978054383,-0.036068684914258034,-0.2584639358625785,-0.12622736321090655,0.10701584316123887,0.34630603652102093,0.03268387149511878,0.8027686811178254,0.7809254788306562,0.7809896907025442,1.1133210090568355,1.1145969842506511,0.09793069778244956,0.461759549978195,1.01092239079328,1.1117288947629766,0.9025327921721693,0.8938085316667446,1.2981431501821405,1.2914106060736548,0.29186052463468354,0.0013947726491363105,0.4727817277918491,-1.6610707960518216,-0.22166436024751568,-0.20398374134020403,-1.8268410305854073,-1.8102526570937014,0.5863840901504642,0.6277183714355189,0.12959901020163805,-0.5545939894570483,-0.5065745501086154,0.42002142025496114,-0.05476166720332279,-0.08271167653152477,-0.18141778150462098,0.08666357523663379,-0.013981943753416442,-0.1404516876774375
13,0.013869180223504323,0.3354458200259991,0.7539950307936232,1.8984708726002797,1.306361237570669,1.226201729922677,2.463645606461573,2.4351335023044816,0.030735887264205834,-0.0681158089618316,0.7385592626897968,1.395303864378012,0.23741903817603688,0.2339858604545926,1.576997872707408,1.5727642524497922,-0.10427957797201254,0.3773171037850242,0.6723249892070711,2.781495842009111,0.6602421723543015,0.6626269476218082,2.6405932369647673,2.645393994632754,0.26009050790417104,1.302262282296415,1.7519418254963868,-1.575624376749693,1.2392795639916427,1.2765578385806784,-1.3742647837356172,-1.419503353913235,0.1628251170049523,0.5493211340997985,1.476624204798942,-0.5075521904203265,1.2022388907246735,-0.9677359771214659,-0.00726520181138248,1.2158613443993822,1.230704327933224,-1.4073312467302999,1.1335475071456573,1.4466313907230097
14,0.298880164854088,0.6785035552739304,0.3846813797780708,0.32230893746515005,0.1256209080303024,0.27071260029962047,-0.31343965054877737,-0.24995362013883465,-0.41375889775203395,0.7527180985187902,1.2847251109697084,-0.2795096786264328,0.8686837018522925,0.8652324629183614,-0.23406302012129862,-0.23623793718046984,-0.3854436004521355,0.7751418407894729,0.25681050148637274,0.24630086730874282,0.6781922947730251,0.6775426450088325,-0.0009792308591823715,-0.0004343516170827996,-0.3178710420708737,0.4615087328886842,-0.7454610461362758,-0.9025491789523228,0.23978697006163677,0.2954790355325745,-1.0177285915895022,-0.987037081913656,0.9841407651272698,0.8062845290770564,0.3703303064953286,-0.06567420365279387,-0.6202129096907198,0.5007788637098668,0.9873680858716493,0.23689551983922183,-0.09753442020785238,0.6863769723805185,-0.718438936284159,-0.5531661241088319
15,-0.3809273934044486,-1.4042936776446886,-0.1743924939212894,-1.2132041308113362,-0.808580761228936,-1.0459826089588287,-0.25633612942856887,-0.40955779056503727,-0.01981717026707117,-1.2999634246409877,-0.786067494365006,-0.8575721222290908,-1.3644419684228615,-1.3637582933585213,-0.7083926396070981,-0.7092829100661464,-0.5397898508033704,-1.4692576705500966,0.08229984964275353,-0.0013859924404021383,-1.5351055916915197,-1.534790589020641,0.14123046948508947,0.138985832914448,0.33011423908547943,-1.1624324383469062,1.1642884933019515,0.19594358356680044,-0.9577437408419841,-0.9749784947682081,0.23547712935578072,0.2897546951606709,-1.448955021594126,-1.6430168925958886,-1.1656048728321806,-0.3744573598402795,0.7797140550370179,-0.7495339076667431,-1.4472588528399941,-0.9805563595187805,-0.5321149916903084,-0.6697725991269268,0.7185041833158797,0.5237310007506897
16,2.3155207457138434,1.8779445924296112,-0.5711401612182726,1.9398428817799669,0.02789249642779767,0.4207821193411973,-0.4538181712181878,-0.15071042277655905,0.5120617077544896,2.0447046915089055,-0.0004077190661953893,1.822714808177639,2.561393140347996,2.563878945289939,1.83776994824055,1.843115127843509,-0.6511194904840457,2.2298862355213083,0.3289685192425517,1.9237282078656717,2.6826860205538425,2.6798026943015727,1.7425885290607648,1.74433344667852,-0.4476665379694662,0.13228256347756986,-0.14739763592115804,1.6956351953177304,-0.17996145133806038,-0.10586559124179035,1.2005527003386505,1.3219557187468571,1.874991574280743,2.192388301619145,-0.12280838826691941,-0.27829301273592305,-1.9050549838317703,1.0896063226578179,2.770745683627899,0.2845179853175408,-0.4788950029444893,1.860310191981389,-1.9250045279752788,-1.5196970287808111
17,-0.12212549977586926,-0.6009875218256548,-0.2282295277947896,-0.014930749881824565,1.6019634490293109,1.2885933433422256,2.6034889477946646,2.259508177445191,-0.16529239998991116,-1.2545081352456728,1.3197904191413394,-0.6916428426101582,-1.229338037749274,-1.2281478086168163,-0.4438297990895636,-0.4437912506370022,-0.7960540619085446,-1.211984372354128,-0.21730242615726506,-0.6251283569335481,-1.2450178832782774,-1.2410576247630636,-0.42306342256692414,-0.4208776458063349,-0.4637550730804136,1.311768546443744,-0.665746361556235,0.2883513812752829,1.6278340475150272,1.5352302931637443,0.9189612218992006,0.7005320260557277,-1.380588524803517,-1.1723772749418828,1.5193091446183018,-0.4543806172114558,3.309581126371915,-2.7443567566668183,-1.3478361455672943,1.1452155426186728,1.7188431214817568,-3.265478096758497,2.7030971661236327,3.289594581900665
18,0.3069574900000038,-0.5063807024952656,1.0597746878382028,-0.5356339679002721,-0.48200827913417926,-0.5000525038243916,-0.4150618374295917,-0.40704991225046866,0.13124790299807843,-0.350733003989486,0.8620421100183752,0.26527567724540807,-0.4870909587421653,-0.48581859266282484,0.041680328423021974,0.04285170893700371,0.17649777643791204,-0.7808568572781173,-1.9158853555813697,-0.7502544035714006,-0.6076925568999858,-0.6183019354458709,-0.40649518883301766,-0.4175042424992765,0.1582226065384613,-0.4749438548316188,1.0647781607663005,0.01512741935933159,-0.4070114076508856,-0.4216402432767067,0.02148984671700725,0.024946416101055247,-0.2720129396683967,-0.7729859085887427,-0.3614623434134131,-0.34091793492037414,-0.05873343431722854,0.2082057297976414,-0.6287694135704349,-0.5371285653009111,-0.3939647980945141,-0.014177173324557035,0.07679054050193555,-0.04558239454455587
19,-0.42684223488604933,-0.053735438148025116,-1.2287760899148543,-0.3794896703417456,-0.24483523057973758,-0.15278422045751155,-0.48640522258658364,-0.42712354631765864,-0.29017473285859646,-0.11051414867311748,1.0195876777421335,0.08814952587877888,0.13598456415132107,0.13370848731038323,0.3301690746528477,0.3278494198769827,-0.8750851582627858,0.44457873362554734,1.5779703967655017,-0.011411778949246982,0.8212534251703086,0.8144990588522986,0.23106482600425954,0.22650391515386548,0.05517912797963259,0.048115910488649445,1.0638441086568393,0.5734121044579753,-0.14857663730810683,-0.11634224152702666,0.3071165133248746,0.3533708491275081,0.016058561598355767,0.4844770333462125,0.03308807538900612,-0.26162452590450125,-0.1900184782630559,-0.06866987027520825,-0.016239639632911942,0.06238577352332036,-0.3482917490354224,0.12024583935394535,0.29320249370016066,-0.48253704985959234
20,-0.5781302197071815,-0.29818644362442936,-1.7426487027075321,-0.46662108583194073,0.7430325697004396,0.7143295712115939,0.7813084634325675,0.7139033076364123,0.10493528705104635,-0.5278008790712762,-1.398048419013931,-0.9892462809159926,-0.8935852460364717,-0.8944163144380578,-1.2295682420263918,-1.231373444505561,-0.38496818080008244,-1.2142544120527465,0.6358768706291911,-1.0560473696514592,-1.5476548039122273,-1.5461838743099159,-1.1007529395541873,-1.1017741140602655,1.4002464141592001,1.7233440040477244,-1.095360621787597,-0.7830209158034461,1.4666442200582723,1.4637840030469214,-0.7151758321093928,-0.8101196364191348,-0.5401723238031199,-1.2685259383447405,1.6363853426933461,-0.5771110681591444,1.8832385509882315,-1.2229468601807287,-0.9097293876148824,1.3052859591132713,0.7811960909513064,-2.330895487423899,2.896278735953416,1.4584406671741341
21,-0.4101822384763002,-0.500838505773572,-0.8953776489959976,0.44373110874476296,-0.3862928197989259,-0.43404397527367516,0.3188172389319079,0.39228367680881865,0.4430425173070881,-0.32901023338473967,-1.1033794855763397,-0.054476207627104624,-0.4845228843283988,-0.4830434053251935,-0.24671995814500566,-0.24537170265588648,0.8728728808375258,-0.7931970330969637,-1.3812060344707158,0.058364027606761765,-0.9500018685256691,-0.947770368831766,-0.02510123234087181,-0.024136802385658285,0.3360928359500536,-0.4048988818789396,0.9377024706222933,0.8603075527870605,-0.18837300512034935,-0.2073150222894324,1.0947221895969026,1.0756517572053959,-0.307617943497258,-0.8533217446604855,-0.2757791272805042,-0.5655038627542678,-0.09645704133847008,0.3306520175844932,-0.6670064026483621,-0.47367103773360986,-0.4688186221765025,-0.06264333435660337,0.33346169138860354,-0.19603161049761364
22,-0.244726586537201,0.06978102060641155,-0.28482526430341176,-3.0602174043027275,-0.2577268309714374,-0.1683366805233779,-2.2005773861868825,-2.460540428148669,-3.837634142672925,0.11941834023068071,-1.0016920979120956,-2.553495484735278,-0.058112040763397294,-0.06174006341166631,-2.3247647948663563,-2.3270721725682493,3.5555020048055326,-0.2881444964473532,-0.13322599816664654,-2.2088834810553055,-0.26271335085325825,-0.27007716341216886,-1.8950334310628274,-1.9009641996564506,3.3192470452759824,-0.006045439748021393,-1.4131113032411704,0.8416183144009706,-0.0066057694318976175,0.01784173932527287,0.8355827803694751,0.8622589438931851,-0.21005130279893572,-0.4613974832442688,-0.01520806995471324,0.3978941858504993,-0.539793318798495,0.3959966590707168,-0.20368608797100712,-0.047037716774187624,-0.4472013852584878,0.08178969799297839,0.4286947934055207,-0.539185090360707
23,-0.48928068708263467,0.0020526799535072796,-1.1537823062329677,0.39070832014193907,-0.41621266490163983,-0.3057300190411905,-0.2703833500165215,-0.1077619285411088,0.6653061418998811,0.04462228399706327,-0.3638114140766294,0.9246375904994413,0.14704728913369705,0.1451878966078968,0.8649100365920522,0.8629402241197752,-0.44906489507881037,0.45364578980653214,-0.5613883717596089,-0.5826851953651445,0.4839180960780313,0.4850936479096586,-0.5661883447373793,-0.5645479574896882,-1.5703100303658073,-0.373360014506765,-0.7906206925195218,0.44895426685997664,-0.4252823830202239,-0.38797058772161924,0.28674868340556664,0.36677462732535,0.1906212716891979,0.49228545845688193,-0.5727307814373331,-0.6058141574936845,-0.620159620197992,0.17869155811779938,0.12674341262446928,-0.32986771070224225,-0.49041622014237995,0.6702522850550316,-0.5282888950631134,-0.6996177617420478
24,-0.36915957802976573,-1.5937784901855385,0.5982509212368056,-0.5237243240898033,-1.124374775551271,-1.2863131316177914,0.04632342855638899,0.11759480272029127,0.009087543489105232,-1.4490522162421675,-1.4880391711271923,-0.4021077884815642,-1.4398017445336369,-1.4386513862117118,-0.17323719357952774,-0.17360706803132456,0.3117754769228978,-1.7712976241257659,-0.18703949450031943,1.1645063487371106,-1.9662729517213398,-1.9583462767729172,1.0651879019529518,1.072440809186542,-0.3801876219521221,-1.2124952473733186,1.4349750597662354,-0.36661258840389926,-1.064916467415373,-1.0999041731661958,-0.4141413723449375,-0.3819808199777945,-1.7993459938485215,-1.9687158318650253,-1.2602650204936565,-0.27829301273592305,0.7736649462975703,-0.9997568012855333,-1.6171358275710104,-1.1318601743138879,-0.8094075409682868,-0.5347732061687896,1.0291916584681182,-0.00099668130118543
25,-0.6403906571956861,-0.4072962511042479,1.3162573320074253,-0.3875655349965671,-0.6067016308200414,-0.6578582532261157,-0.5629331908111989,-0.5888074481097471,1.5251348606751478,-0.2175398794315046,-0.3511673310556855,0.4114415827828321,-0.31681355090776664,-0.31495808813051623,0.1999943971077084,0.20213172694915574,0.8572355841944507,-0.8295483384915919,0.9361140060985405,-0.05244191171563391,-0.8418932097531702,-0.8426680020250896,0.036444434177545976,0.034436059469296385,-2.3813732429262418,-0.602710726547235,0.3333878472341728,0.6733628856134755,-0.6185717087068571,-0.5997191510560904,0.4910914204731229,0.5672129666689933,-0.13370741677770703,-0.8011280209781816,-0.6497421937828641,-0.48317368488246776,-0.4715640101777415,0.3680858841529062,-0.3387255995501255,-0.595796796912492,-0.5678621438194027,0.50951479312001,-0.38015839785194233,-0.551565565885724
26,-0.1590629438393446,-0.07689015143584774,0.5013728622254687,0.03721212168220577,-0.2837826083177817,-0.24866019157614913,-0.25443421784728043,-0.20502384413010577,0.4122318968950538,-0.10232153628041603,0.7887548614419319,-0.4261026335506148,-0.1826909066539193,-0.18319422558204765,-0.4831589857774755,-0.4837654039854244,-0.15078379824569021,0.4768493208757647,0.29104601148469156,1.1033365583537393,0.7670031190973574,0.7649422130921502,1.1394868753705842,1.1390952957555818,0.20311498129955566,-0.40915276212712176,-0.011907202929069672,0.6953694661078419,-0.46775625046637903,-0.46157081030224467,0.5003333512391285,0.5419907291599334,0.0899603642864092,0.5260408205680973,-0.3443789568766885,-0.520964586200671,-0.36360793790950474,0.026361567077223928,0.05765731595836597,-0.3913686834056243,-0.3448281139853664,0.556013451704082,-0.6394920375871086,-0.3951855568256439
27,-0.34662054247137203,-1.5902161368712946,-1.547026363625151,-0.5354821102178227,-1.3309232881167805,-1.4804156804614625,-0.268855778290042,-0.17393650650137668,0.18134518550716858,-1.3620237695211923,1.0356545038868112,-0.9763568309990921,-1.6225819812634084,-1.6188527512421529,-1.0779216172650812,-1.0749162439433266,0.09146938981090384,-1.5318274551932622,-0.39569509641026646,-0.3494783596972566,-1.399818498923236,-1.4002477917599925,0.07108380924585596,0.068285588175592,-1.5387782099814584,-1.6783955637933317,1.6091367805554824,-0.2388139886947549,-1.374515846393151,-1.437044004105364,-0.15978064269136527,-0.13670282540476497,-1.6269534530607856,-1.7724399857080317,-1.7436664061261258,-0.5487172793562265,0.20447722825028136,-0.5623772045315548,-1.5256488598168538,-1.2862629326177237,-0.9187525562043855,-0.022182370061432824,0.4227814486813022,-0.3498047933047358
28,0.708076860822754,-0.31395119799494164,-0.6251375362669943,-0.23509941277592006,-0.6501153994498869,-0.534730735991618,-0.6097952456547442,-0.4489118575533581,0.5437866023448674,-0.23741357835059101,-0.46437662278882985,-0.9909436746252878,-0.37576179561246226,-0.3738989238433287,-1.002476591719824,-1.0009041642894188,1.6821140219069999,0.14796103419343498,-1.8874185547934426,-0.6267598367333933,0.40513989682246554,0.4032080764369587,-0.3749319552867164,-0.3759359206953333,1.4271158574163658,-0.5990721906047285,-0.49958045080675845,-0.00034412462200670955,-0.5733834361270669,-0.5855277561837404,-0.08601566819684302,-0.06508053982287874,-0.14239782658475736,0.33744529925082806,-0.560490285678506,-0.3555619091811779,-0.5801504683923955,0.21759751321436382,-0.17446761202931557,-0.6029157969809803,-0.7107955065742599,0.7986478728160181,-0.5405607396372374,-0.9154719221623075
29,0.4094187158553824,-1.4029971732289044,0.6208717346650535,0.17472306328827703,-1.1375415418322488,-1.2086651245685072,0.2294963614354168,0.47031298809340844,-0.0758261890567225,-1.4050524645488012,0.6997477243868474,0.4124574101691724,-1.4992523431594742,-1.4960414381636833,0.3476127881838058,0.3508795443357365,0.29577139746248493,-1.083628796618964,-1.2031791120917177,1.9212380333158976,-0.9582379150728015,-0.9599211771480382,2.010655743982942,2.007035702125423,0.4376762750286762,-1.2321648908994791,-1.2290969775640792,-0.24106439339240482,-1.1575064406424704,-1.1677989382505647,-0.41527588370471796,-0.33658212416450417,-1.7931338742856464,-1.0431182956212106,-1.320174358164015,-0.34091793492037414,0.4784230180487928,-1.0056109941432427,-1.1338986545410688,-1.0077177697331,-0.8522493080975148,0.19990109132772818,0.2557780805004763,-0.5890181814734422
30,-0.2530734809723787,-0.8320521684512373,1.0587179057570895,0.2533664588450242,-0.8500714259238302,-0.8709777123372661,-0.029398200520072377,0.14085624237670716,0.06501434317195635,-0.7970883602648139,1.9187718161144,0.650507328131469,-0.5901917958142621,-0.5936459097847976,0.9305233809874683,0.924458080323247,-0.9603220584083372,-0.37483166829925996,-1.1081805962407258,-0.5720283227221657,-0.4239860776570179,-0.41412166784856147,-0.5223198460437888,-0.5137729506984123,0.38054503896687353,-0.8409618430538608,0.9384844061184432,0.3161973181457122,-0.8422137602627934,-0.8697220009661907,0.10609521925334564,0.1314221607345305,-0.6969916218108146,-0.3355837053601799,-0.8267580811787838,0.781584307150852,0.004393215747461975,-0.6172003899229911,-0.29560638317528926,-0.8122779125080734,-0.7083310170437809,0.8832180164003118,-0.8269945624675852,-0.8015069540997071
31,-0.7866557714645338,0.595475366373451,0.4434833263887778,0.5018719523827618,-0.07947318716040942,0.0060809234359018435,-0.35550114045657616,-0.3158182151563952,0.010559366261773704,0.8623501579921921,-0.7663565418307005,-0.49788649326644163,0.7323685949613412,0.7328839320965899,-0.639801411873212,-0.6385946844624268,0.33618439435503994,0.3662343307688527,0.8297052489418282,0.24734573127497178,0.2500539352531675,0.2522466965940842,0.026931274967052773,0.029485719867726808,1.4579979109699164,-0.12517377620356568,-0.36589752949358884,0.038404465561546156,-0.02412941504843168,-0.029266796134109083,0.1689921290723559,0.15436487549932845,0.8120385030325615,0.28926542010387474,0.027015125291954163,-0.3970644168788475,-1.085063992093177,1.5659762553061556,0.5104120862341189,-0.3760460059236092,-0.263070520186575,0.8780274968755243,-1.1717139916461798,-0.4751098152753672
32,1.6571510421561075,-0.8030388797365119,0.30641013179015797,0.9746322777115959,-0.5204894266072042,-0.5500270858858873,0.857355618285253,1.0807704120814203,0.12923744707152954,-0.8520898692043776,0.5570836943207836,1.3903355207632746,-0.7587666490238121,-0.7624680789107987,1.4214504790226528,1.4138574079606148,0.15836874493253775,-0.5206709293585118,-0.2678982510670024,1.1644591372069368,-0.4332343068625124,-0.42864906332332203,1.1617614096027136,1.1666779865245651,-0.6460045486060747,-0.40418560490196276,0.1839702393103424,0.5265303151794709,-0.422036808098665,-0.41594397287648016,0.4039192812118248,0.4401856489504164,-0.7241050774840619,-0.4409140330067307,-0.4521043732126382,1.1128845420404339,0.4916563105083329,-0.8624433525343014,-0.48578712655763784,-0.4959380651277032,-0.49192653828053884,0.1934345628986729,0.005055342103576446,-0.34686039239329775
33,4.2382533782171565,1.8634597996140525,-1.1538706196441233,0.6850022327526488,0.5860107578512888,0.6738233468748278,-0.5438000827922932,-0.6570173761006045,-0.35255156538781046,2.0932213139251696,-2.0176825915375125,0.7899986097821857,1.5770851113144566,1.5778226604012953,0.03764849027065333,0.03981855626700154,0.6402341582076346,2.0027405526055517,-0.90114269230954,-0.6288436553017934,0.8931926134138842,0.9046806724590407,-1.524652825635775,-1.5160942626312974,-1.235747072480847,0.2511445942258591,0.29493626173148374,0.881282113925819,0.3774780022677324,0.3443032647997713,1.117712053422347,1.0337601699559869,1.8406679521491656,1.6791299293267095,0.4380632619865054,-0.4899220601178612,-1.5366652248943744,2.1903162391503472,1.867226121293699,0.11262646985229897,0.2648904248755003,1.1328731974674768,-1.7698786633791461,-0.37552420665047936
34,0.054337728804761565,-0.6197328361666844,-0.8280874191850086,-0.4652511126958292,-0.7509902626944092,-0.7619982318625076,-0.5708965398753342,-0.5182831881685566,0.23335339210374773,-0.49645998082525367,-1.0501056536377285,0.8982213173934915,-0.34593652983329154,-0.34639534268946826,0.9991148086011107,0.9981581629493947,-1.5707168361324892,-0.5426186348409503,-0.020649512862408414,-1.2386998757768648,-0.5176656611213215,-0.5234827355710411,-1.0140742079171314,-1.0198876184321721,0.1929143283904036,-0.4714694420855094,0.9096220012745765,0.40642736731269186,-0.5975159154137086,-0.5832490767006479,0.10661009341611309,0.16900080398973824,-0.42074544455288687,-0.5447185146223537,-0.678548376312398,-0.5534411420210019,-0.15512621265852133,-0.2491548126169182,-0.45112650361788204,-0.5455837443488868,-0.6772560891167946,0.42593136887382144,-0.025558674907795297,-0.7300031456193711
35,-0.32540588561761763,-0.6866495625403792,0.32981348779193403,0.8111345319140182,-0.908031112159264,-0.8852910984203128,0.061303494424685814,0.32543333150404175,0.2369397373178132,-0.5433940689665202,-0.46194766782252145,1.0519285976482384,-0.41288388386711067,-0.41198656688233354,1.1148862545181528,1.1158662666427168,-0.28547487361864504,-0.7680177558946689,1.253348611738497,1.004460746520952,-0.6576622433348586,-0.6643961704982846,1.096200545796328,1.0875830287572303,-0.4786797550303961,-0.7360813209824663,-1.5634791014088953,0.31384420416298814,-0.841552816633716,-0.8227409920528267,-0.02890515463699797,0.06414392779552455,-0.5522655159215,-0.6399078216438387,-0.9624900662863397,-0.601202767749499,-0.3269758580546078,-0.1460958976293044,-0.690431407386727,-0.6308267681635483,-0.7657673842344532,0.3033004298758464,0.2559387658765083,-0.7720915943188353
36,0.5079913721132313,-0.14874535343223463,0.14503398160518086,0.41118046571466077,-0.4931842318733108,-0.4338804959535816,-0.20532814013060466,-0.06848064190385827,-0.3268745542876008,-0.03415219544908229,0.794110243543418,-0.4953595081638215,0.08333195839051749,0.08083483140569525,-0.33930392072265736,-0.34167412967040856,0.5452774779146142,0.08526494213026828,1.7724247339137567,0.02174412336114089,-0.022424321617930412,-0.0264926657011106,-0.1245766688459167,-0.1282182507504561,-0.04714687817964954,-0.4295579493121524,-0.9949811921473719,0.4268790038147827,-0.45743006264417535,-0.4437736951918238,0.2867588479297586,0.3362739764506983,0.17249788834662122,0.20555147424748021,-0.5504872405567361,-0.43089627139228664,-0.5039036064861317,0.1783546502023896,0.22842740618443594,-0.5134004891552838,-0.5743759209603496,0.9797791978825431,-0.9590433537678213,-0.850822292791223
37,-2.0459576986871935,-0.446915103366451,-0.4401462819162276,-0.6388956452892859,-0.48738503812196154,-0.4767426624891415,-0.5441073201005595,-0.5261690442768482,1.031727739118208,-0.38547489854557504,0.7850181894770712,-0.1946095854866987,-0.15295343405755324,-0.15224420466245903,0.1087354944680253,0.10958070058997149,0.6815605249120332,-0.6500471995584648,0.9117639720290022,0.727709582859708,-0.5947370645565739,-0.5962200783012268,0.764448516718957,0.7621243986034564,-0.3320388034328453,-0.1058500671479303,0.23735539756928783,-0.5046520725937562,-0.20121359315723583,-0.15596095738119659,-0.6127814670221116,-0.5551777376102796,-0.2836847116304972,-0.5024734014751157,-0.1755069585328287,-0.008088068310769848,0.0055988902074964805,-0.16265324129268446,-0.4916026198338636,-0.360123817467225,-0.49296131889781436,0.06376399850203265,0.2982647969874862,-0.3872724392047528
38,-0.15125094932808847,-0.8272270665668774,-0.1919729826752827,0.023318681664463548,-0.8606870714246457,-0.8630528500439889,-0.19072149441147615,-0.024672050499552668,0.2862076389560527,-0.7428393696840345,0.13098746613484177,-0.018432669123494443,-0.5792405670060597,-0.580480625255728,0.24914685370783257,0.2468183870117195,-0.2693211674118467,-0.6636495046744372,-0.35431945357528793,-0.9425398113277295,-0.5920801764442107,-0.5934863824366745,-0.693393668567521,-0.695518780697185,-0.6837043793455503,-0.7914190883984282,0.580391081776337,0.26188041488606784,-0.8220806676130529,-0.7926041568381016,0.02315636946392796,0.13073714226305036,-0.5744106267742525,-0.6065952088926633,-0.8772849006424894,0.23350376511631518,-0.0020118473099584523,-0.5177147461072699,-0.7288375350762141,-0.6235871734426063,-0.7285826931428957,0.21616076367417542,0.31197636739096524,-0.6694977114878314
39,0.00996846439193878,-0.30637619576124425,0.8824556793948746,-0.349478625642668,0.05714910392728355,-0.08039974029623229,0.11138333342715415,-0.0413899357041799,-0.12476988414028628,-0.22728112626871258,-0.16085807044666867,-1.181297484296969,-0.22057571150476962,-0.2184360527507882,-1.0209297409567764,-1.0190018541118937,1.6562771950087676,-0.65237266413906,-1.473204676246466,-0.9679762087189656,-0.77538090614635,-0.7744682822308634,-0.8954905921508655,-0.8957929516423448,0.18343993759998503,-0.2289606883640592,-0.3335186307666974,0.6855238010696338,-0.142487957534369,-0.18082037853120408,0.7605743667960745,0.7095686763822454,-0.1352707902232249,-0.6827745538613317,-0.1231253821519896,-0.54255938695393,0.2385954481276386,0.16071122737435095,-0.44562424378230703,-0.3696467759578935,0.19450688409095898,-0.3563888112809617,-0.2482600041541694,0.8589450844897322
