Participant_id,Trial,Valence,Arousal,Dominance,Liking
1,1,6.96,3.92,7.19,6.05
1,2,7.23,7.15,6.94,8.01
1,3,4.94,6.01,6.12,8.06
1,4,7.04,7.09,8.01,8.22
1,5,8.26,7.91,7.19,8.13
1,6,3.03,8.14,2.86,8.04
1,7,5.1,7.12,6.17,5.97
1,8,3.24,6.18,7.87,6.15
1,9,1.95,3.12,2.87,6.18
1,10,3.81,3.85,4.78,5.13
1,11,8.27,3.92,7,8.03
1,12,1.99,4.86,2.04,7.09
1,13,2.06,8.15,8.05,5.18
1,14,7.09,2.08,7.06,7.37
1,15,3.17,8.08,2.91,5.04
1,16,2.46,6.91,6.77,6.41
1,17,2.9,6.92,6.5,3.87
1,18,2.28,7.09,7.28,6.92
1,19,4.18,2.24,3.04,5.04
1,20,7.35,6.95,7.03,7.29
1,21,2.99,2.36,3.63,6.24
1,22,2.08,2.99,3.22,7.33
1,23,1.36,2.27,3,8.14
1,24,7.71,7.6,6.9,7.83
1,25,7.44,3.73,7.08,7.04
1,26,2.28,8,3.27,3.95
1,27,2.71,2.77,3.4,7.35
1,28,6.81,7.44,8.15,7.14
1,29,8.86,7.21,8.65,7.21
1,30,3.88,3.35,4.01,7.87
1,31,7.32,2.55,6.32,5.87
1,32,8.58,7.54,9,7.08
1,33,3.33,7.18,6.54,6.62
1,34,2.31,6.88,3.1,6.77
1,35,7.17,8,8.1,6.79
1,36,8.1,7.31,7.28,8.47
1,37,9,7.95,8.37,7.86
1,38,8.15,3.01,7.37,7.9
1,39,4.04,3.29,3.62,5.99
1,40,7.28,7.27,7.41,8.24
2,1,4.96,5.01,3.01,5.05
2,2,9,3,6.03,7.41
2,3,1.99,2,1,1
2,4,4.06,7.05,1,9
2,5,1,9,1,1
2,6,1,9,2.01,1
2,7,2.01,7.05,1,7.13
2,8,5,8.03,3.01,1
2,9,7.08,9,6.06,9
2,10,2.99,7.04,7.03,9
2,11,8.97,9,8.03,9
2,12,8.01,6.06,7.12,9
2,13,4.06,4.97,7.14,7.04
2,14,1,8.06,1,1
2,15,4.96,1.99,4.08,1
2,16,5,4.94,5.04,1.01
2,17,9,8.04,9,9
2,18,9,6.15,9,8.08
2,19,9,9,9,9
2,20,8.01,7.1,8.04,8.08
2,21,7.08,1,7.01,7
2,22,6.05,1,5.04,7.03
2,23,9,8.32,8.06,6.99
2,24,8.94,9,8.97,9
2,25,1,2.97,1,7.82
2,26,9,4.99,9,9
2,27,9,9,8.1,9
2,28,1,1,2.97,1
2,29,6.05,6.67,6.94,6.53
2,30,9,7,9,7.18
2,31,1,1,5.04,1
2,32,5,1,4.97,5
2,33,5.04,3,3.65,5.04
2,34,9,5.03,7.13,6.62
2,35,9,8.01,8.06,9
2,36,5.04,1,7.09,1
2,37,9,9,8.96,8.05
2,38,4.87,1,6.99,1
2,39,4.99,1,9,1
2,40,6,5.05,8.05,6.14
3,1,7.15,4.37,4.03,7.54
3,2,6.79,1.97,4.38,7.32
3,3,3.45,1.41,2.9,6.87
3,4,4.94,1,4.13,6.21
3,5,5.17,4.49,5.91,6.55
3,6,7.1,2.13,5.04,6.32
3,7,5.33,4.67,4.97,4.45
3,8,4.67,1.18,2.64,6.94
3,9,4.47,3.85,3.08,7.14
3,10,4.44,4.06,4.63,5
3,11,7.21,4.44,5.22,6.23
3,12,7.14,4.33,5.74,6.35
3,13,4.99,6.44,4.54,6.55
3,14,4.92,6.05,5.46,5.26
3,15,4.33,6.21,5.68,4.62
3,16,6.72,3.29,4.46,6.22
3,17,8.14,3.17,5.47,7.97
3,18,7.29,3.86,4.4,7.29
3,19,5.01,5.5,4.54,3.86
3,20,7.91,2.97,3.68,6.99
3,21,3.87,3.09,2.72,6.12
3,22,7.94,3.12,4.23,7.1
3,23,4.69,3.69,5,4.19
3,24,6.36,3.15,3.12,6.29
3,25,3.18,5.04,5.65,3.15
3,26,6.92,4.44,5.56,7.17
3,27,6.26,3.13,4.32,5.23
3,28,4.53,5.68,5.65,5.49
3,29,5.38,4.33,5.67,5.29
3,30,4.72,8.12,5.85,5.33
3,31,4.56,1.78,4.1,5.41
3,32,7.33,3.23,5.99,7.78
3,33,4.45,5.49,5.71,5.23
3,34,7.36,2.92,3.81,5.88
3,35,4.05,3.83,5.5,4.99
3,36,5.45,3.01,5.04,5.79
3,37,3.65,2.5,3.03,5.92
3,38,5.59,2.51,2.65,6.59
3,39,3.31,2.27,1.91,6.78
3,40,7.55,2.81,5.91,6.81
4,1,8.17,8.05,6.08,9
4,2,3.1,3.08,3.06,7.05
4,3,7.24,7.08,6.08,7.01
4,4,5.04,5.04,5.04,5.08
4,5,3.15,3.99,4.12,4.04
4,6,2.94,1.99,2.92,2.1
4,7,6.05,3.96,5.06,5.04
4,8,5.01,2.95,4.04,5.09
4,9,1.92,2.96,1.82,2.01
4,10,7,6.04,5.01,6.08
4,11,1.86,2.04,1,5.99
4,12,6.1,3.92,4.19,3.94
4,13,4.06,3.31,1.99,4.05
4,14,5.97,5.05,7.14,5.85
4,15,7.01,5.95,6.04,7.03
4,16,6.96,6.97,5.23,6.21
4,17,1.86,2.91,1.88,3
4,18,8.95,8.1,5.85,8.12
4,19,6.96,7.05,3.28,6.97
4,20,1.77,2.06,3.73,2.26
4,21,2.17,2.18,3.46,1.92
4,22,1.79,1.85,1.78,1.99
4,23,1,1,1,1
4,24,2.72,2.76,1.99,2.33
4,25,2.71,5.13,2.04,7.19
4,26,6.14,6.13,4.92,7.08
4,27,1.85,4.88,1.95,8.13
4,28,6.68,5.03,8.22,8.14
4,29,2.17,6.96,3.03,8.06
4,30,2.03,2.88,1.06,3.37
4,31,2.01,2.23,1,1.94
4,32,4.12,4.88,5.05,5.17
4,33,7.09,6.22,5.92,6.21
4,34,6,4.09,3.96,5.04
4,35,4.06,5.04,4.15,4.88
4,36,1,1.97,3.67,1.95
4,37,2.51,2.95,1.08,3.03
4,38,1.86,2.78,4.97,3.92
4,39,4.9,2.85,4.72,2.87
4,40,1.01,6.15,1.09,2.1
5,1,7,6.96,8,2.92
5,2,7.08,4.03,3.12,8
5,3,1.91,7.01,6.04,1
5,4,7.96,3,1,9
5,5,5.96,4.87,3.06,7.05
5,6,8.03,4.97,4.05,8.04
5,7,9,6,6.03,7.1
5,8,9,9,7.97,9
5,9,1.94,4.12,2.06,1.94
5,10,5.12,6.97,5.04,4.96
5,11,7,1.99,2,6.27
5,12,1,3.91,6.13,1.04
5,13,6.88,2.96,3.01,6.91
5,14,6.97,4.9,2.99,5.92
5,15,8.05,3.97,3.01,6.04
5,16,3.03,4,8.03,3.97
5,17,6.9,6.04,7.95,4.05
5,18,4.94,2.88,4,4.12
5,19,4,5.04,4.12,6.03
5,20,6.03,6.97,8.1,6
5,21,4.91,9,9,3.88
5,22,8.24,5.08,6.01,7.04
5,23,4,2.87,2.99,3.97
5,24,2.94,8.1,9,9
5,25,4.04,3.01,1.91,5.05
5,26,5.17,9,8.01,3.99
5,27,7,1.99,1,8.04
5,28,7.21,4.01,2.95,8.05
5,29,6.97,6.05,1,7.99
5,30,3.04,4.01,5.08,4.04
5,31,5.96,5.04,4.01,7.97
5,32,3.9,4.08,2.86,5.04
5,33,4.86,8.1,8.17,3.97
5,34,4.95,4.88,2.06,7.01
5,35,6.99,7.95,1.99,8.97
5,36,6.94,4.95,3.99,4.04
5,37,8.17,5.91,4.04,7.04
5,38,8.09,7.08,4.94,7.14
5,39,1,4.86,7.05,1
5,40,1,7.05,7,1.96
6,1,3.65,3.49,4.05,6.36
6,2,7.01,7.38,6.55,7.36
6,3,4.44,5.58,3.12,5.04
6,4,5.01,3.05,6.59,3.03
6,5,6.99,4.5,7.12,8.05
6,6,4.99,2.5,7.31,4.03
6,7,7.59,5.81,6.14,6.37
6,8,8.26,8.27,7.28,8
6,9,5.59,3.79,3.68,4.04
6,10,5.08,3.47,3.74,3.08
6,11,6.99,3.79,3.83,7.1
6,12,7.37,5.46,8.4,8.03
6,13,4.83,5.74,4.56,2.18
6,14,5.06,7.45,3.67,7.08
6,15,6.28,4.59,3.42,6.13
6,16,6.32,3.49,7.4,5.38
6,17,5.71,6.21,8.49,7.46
6,18,3.31,4.45,6.23,2.36
6,19,5.08,3.37,6.22,2.79
6,20,3.5,4.01,3.41,4.22
6,21,6.56,6.5,7.53,7.4
6,22,6.42,3.62,7.78,6.99
6,23,6.83,6.62,7.08,5.96
6,24,7.17,3.12,6.87,2.99
6,25,7.79,3.95,7.38,6.99
6,26,7.87,5.13,6.1,8.28
6,27,4.85,4.64,5.04,5.03
6,28,3.47,3.54,3.59,4.55
6,29,7.41,5.6,6.67,6.91
6,30,7.69,5.99,6.87,6.49
6,31,7.09,6.42,3.49,6.36
6,32,7.55,6.79,7.56,7.05
6,33,6.72,3.63,2.88,6.15
6,34,7.56,3.19,2.46,7.23
6,35,4.27,5.45,3.71,6.63
6,36,6.68,4.37,7.96,3.88
6,37,8.19,4.13,6.56,7.47
6,38,7.05,2.69,5,6.83
6,39,8.05,4.5,7.58,6.63
6,40,3.96,5.71,3.06,3.71
7,1,7.12,2.05,3,8.1
7,2,6.09,3.04,1.96,7.97
7,3,3.09,6.08,5.04,2.96
7,4,7.09,2.94,1,7
7,5,7.1,4.12,3.03,6.09
7,6,7.08,5.03,3,2.97
7,7,2,4.04,3.13,7.08
7,8,4.01,7.13,7.06,2
7,9,4.97,7.08,6.99,7
7,10,6.97,6.04,3,7.03
7,11,5.03,7.1,7.03,5.99
7,12,2.99,3.03,1.99,7.1
7,13,7.03,3.06,5.03,7.01
7,14,5.05,7.04,7.12,7.03
7,15,7,5.99,7.04,7.06
7,16,3.05,2.03,1,6.94
7,17,6.99,4,7.08,7.05
7,18,7.99,3.01,1,7.03
7,19,7.15,5.96,3.96,6.91
7,20,7.01,7.01,7.05,7.08
7,21,6.99,6.04,6.03,7
7,22,7.08,7.06,7.06,7.03
7,23,8.06,6.06,2.05,7.14
7,24,7.09,7.04,8.06,7.09
7,25,6.96,7.03,5.03,7.05
7,26,3.12,5.99,6.06,6.94
7,27,7.01,7.03,6.03,7.05
7,28,8.1,4.01,1.92,7.06
7,29,3.01,3.04,5.03,6.96
7,30,5.01,8.05,8.09,6.92
7,31,4.96,7.09,8.05,7.99
7,32,8,2.96,1.94,7.1
7,33,7.09,5.03,4.97,7.12
7,34,7.05,6.99,6.04,8.05
7,35,7.03,7.09,2.97,8.06
7,36,1.97,7.03,1,7.1
7,37,6.99,4.05,5,7.1
7,38,8.1,9,7,7.01
7,39,2.05,2,3.01,6.95
7,40,3.03,5.04,3.95,7.05
8,1,4.23,5.79,1.19,7.79
8,2,5.05,6.83,5.92,6.69
8,3,8.78,7.24,6.35,8.22
8,4,6.33,8.23,8.23,8.83
8,5,1.4,3.13,1.21,7.95
8,6,8.41,5,5.12,7.54
8,7,5.04,5.04,5.04,4.95
8,8,3.59,3.68,3.44,6.6
8,9,6.82,8.23,5,8.12
8,10,8.82,6.4,6.31,8.53
8,11,6.74,4.21,6.44,7.08
8,12,4.21,5.06,5,6.24
8,13,6.67,4.77,5.04,6.6
8,14,7.9,5.09,3.9,8.1
8,15,5.04,4.96,5.04,8.68
8,16,4.15,4.56,3.35,7.86
8,17,3.13,5.03,4.95,3.81
8,18,3.62,6.67,6.74,5.9
8,19,1.45,6.6,1.45,3.27
8,20,2.78,2.99,3.62,7.15
8,21,4.72,4.69,5.65,5.65
8,22,7.6,6.78,7.86,7.47
8,23,4.68,6.41,6.27,7.33
8,24,4.44,6.44,5.94,5.51
8,25,8.33,5.04,5.17,7.31
8,26,7.21,4.03,5.44,6.64
8,27,4.41,7.72,5.62,6.67
8,28,5.04,6.28,5.04,5.81
8,29,4.46,4.59,6.65,6.21
8,30,5.06,3.31,3.21,4.55
8,31,7.4,7.26,5.94,7.04
8,32,4.99,4.99,5.04,7.44
8,33,5.05,3.46,3.45,2.88
8,34,4.97,3.6,6.94,3.77
8,35,8.47,6.54,4.01,8.19
8,36,1.21,7.94,3.03,9
8,37,5.04,6.51,5.65,6.32
8,38,6.88,4.97,5.12,7.38
8,39,3.72,3.9,3.5,7.71
8,40,8.15,6.96,7.33,7.96
9,1,5.05,4.04,3.01,4.97
9,2,5.96,4.05,4.04,5.01
9,3,5.08,5.01,3.9,5.03
9,4,3.94,3.96,3.99,3.96
9,5,7,6.13,7.12,7.04
9,6,3.01,6.03,2.96,5.96
9,7,5.99,5.97,5.03,6.09
9,8,4.03,5.01,6.08,4.97
9,9,4.9,4.97,4.96,5.03
9,10,2.99,6.09,2.97,6.06
9,11,3.99,4.15,3,4.99
9,12,4.04,6.06,3.96,6.06
9,13,5.04,5.01,4.04,4.96
9,14,7.12,7.1,7.14,7
9,15,6.03,6.04,5.03,6.06
9,16,5.12,4.97,5,5.29
9,17,5.04,4.04,5.04,5.04
9,18,7.04,6.19,6.13,7.08
9,19,4.05,4,3.87,6.04
9,20,7.08,6.99,7.09,6.13
9,21,5.04,5.05,4.97,5.03
9,22,5.06,6.1,4.01,6.03
9,23,3.99,4,3.97,4.99
9,24,4.99,4.96,3.94,5.12
9,25,2.96,7.08,2.96,6.05
9,26,2.92,6.09,1.99,6.12
9,27,7.08,7.14,7.09,7.06
9,28,6.06,6.06,5.03,6.05
9,29,5,4.97,3.09,5.97
9,30,4.04,4.01,4.12,4
9,31,3.97,4.03,3.94,4.99
9,32,7.08,6.14,5,7.03
9,33,3.08,7.05,6.95,7.06
9,34,3.17,6.1,4.03,6.04
9,35,8.15,7.04,8.17,8.08
9,36,6.21,6.01,4.99,6.06
9,37,3.1,5.97,3.06,4.06
9,38,6.15,5,5.03,5.99
9,39,4.1,4.1,4.03,5.12
9,40,3.08,4.06,2.96,4.13
10,1,8.99,7.14,7.09,9
10,2,6.82,2.03,6.05,1.73
10,3,5.68,4.05,6.05,6.22
10,4,5.96,7.47,9,6.44
10,5,2.92,6.26,4.78,3.04
10,6,8.81,4.91,5.9,7.97
10,7,8.96,7.58,4.95,7.09
10,8,5.37,4.37,3.95,6.65
10,9,7.82,5.19,6.01,7.82
10,10,6.72,3.64,4.67,6.08
10,11,4.24,2.96,4.04,3.35
10,12,2.17,6.18,4.26,3.01
10,13,3.55,5.76,6.64,5.12
10,14,4.95,1.68,5.1,5.96
10,15,2.17,6.21,6.21,3.87
10,16,1.38,5.97,5.97,4.1
10,17,7.31,3.44,5.18,8.12
10,18,7.56,6.21,7.59,7.27
10,19,4.31,3.87,4.5,6.29
10,20,4.94,5.73,5.03,4.88
10,21,2.87,4.24,3.21,5.44
10,22,4.15,5.49,3.6,5.53
10,23,4.94,2.97,5.05,5.1
10,24,1.92,4.01,3.17,7.18
10,25,5.31,2.88,3.85,5.04
10,26,5.58,3.26,3.76,5.77
10,27,7.01,5.91,6.01,6.86
10,28,5.94,6,6.14,6.23
10,29,3.85,2.83,2.99,4.09
10,30,5.86,4.45,5.82,6.01
10,31,4.95,3.96,4.22,6.17
10,32,3.94,2.97,5.04,5.47
10,33,3.91,5.95,5.04,4.1
10,34,7.1,6,6.82,6.85
10,35,7.91,6.15,6.67,7.63
10,36,7.24,6.23,8.13,7.9
10,37,5.78,6.15,7.04,6.44
10,38,2.97,5.22,2.85,6
10,39,2.64,5.04,3.18,4.99
10,40,1.91,5.46,2.97,3.23
11,1,1,8.7,1.14,1.01
11,2,2.28,7.2,1.36,2.9
11,3,7.41,5.21,7.45,6.27
11,4,4.58,4.96,3.83,1
11,5,4.35,1.23,4.41,1.79
11,6,2.32,2.83,2.4,1.55
11,7,1.47,8.12,2.09,1.24
11,8,1.35,7.45,1.19,1.22
11,9,5.32,5.38,5.27,2.78
11,10,5.54,2.6,6.4,5.06
11,11,6.37,4.72,5.13,6.22
11,12,6.27,4.03,7.41,6.5
11,13,5.04,1.01,7.46,1.37
11,14,2.88,1.06,6.44,1.33
11,15,6.53,1.29,8.41,2.36
11,16,5.64,6.36,5.86,1.24
11,17,6.26,6.14,7.54,6.1
11,18,3.62,6.36,5.97,1.42
11,19,7.65,6.53,8.27,7.06
11,20,8.42,1.82,6.01,7.69
11,21,6.15,1.17,6.01,6.4
11,22,5.01,6.83,6.1,7.1
11,23,1.23,8.1,4.94,1.05
11,24,5.67,3.86,6.03,5.63
11,25,6,1.05,5.12,1
11,26,7.95,2.96,8.33,7.08
11,27,8.32,3.19,6.19,6.19
11,28,1.83,3.78,2.33,5.01
11,29,5.01,1.72,6.14,2.53
11,30,3.72,2.73,6.35,6.95
11,31,4.26,1.13,4.94,6.78
11,32,5.49,1.01,5.81,6.18
11,33,7.96,5.04,7.32,6.03
11,34,4.88,4.95,4.94,1.24
11,35,4.95,2.9,3.69,4.96
11,36,7.04,6.42,8.31,8.32
11,37,3.27,2.41,1.58,6.31
11,38,7.41,6.4,7.55,6.68
11,39,6.92,1.06,5.95,3.04
11,40,7.32,2.74,6.86,5.19
12,1,4.01,8.21,2.97,2.82
12,2,6.86,6.9,4.88,6.04
12,3,2.78,5.1,2.68,3.04
12,4,6.81,8.72,6.94,7.08
12,5,1.22,8.9,2.88,1
12,6,7.78,5.09,7.13,7.27
12,7,3.33,3.17,3.33,5.19
12,8,4.87,8.24,1.97,1
12,9,3.36,7.18,7.27,6.22
12,10,4.06,6.96,3.91,2.76
12,11,7.33,7.33,7.12,7.92
12,12,7.35,6.91,7.94,9
12,13,6.86,9,6.15,6.22
12,14,1,7.96,1.85,1.18
12,15,4.86,2.87,5.05,2.94
12,16,2.79,4.86,3.05,6.01
12,17,7.35,5.13,7.95,7.82
12,18,2.82,7.14,3.88,2.94
12,19,1.86,6.95,2.01,1.03
12,20,1.74,3.15,2.01,2.09
12,21,7.99,6.91,8.01,7.95
12,22,7.08,5.95,6.19,6.29
12,23,6.09,7.14,5.24,6.15
12,24,6.08,5.14,5.24,6.36
12,25,5.05,5.01,6.22,6.23
12,26,5.04,3.03,2.91,5.99
12,27,7.09,7.1,7.24,6.82
12,28,5.1,6.1,3.28,3.81
12,29,6.65,7.08,6.09,6.03
12,30,7.03,6.88,6.21,6.94
12,31,6.77,7.01,6.64,6.97
12,32,3.18,7.17,2.88,3.17
12,33,3.18,7.37,3.03,3.18
12,34,8.15,5.19,8.27,7.85
12,35,1.67,5.21,1.92,6.21
12,36,7.95,8.74,8.03,7.79
12,37,2.13,4.88,1.96,3.88
12,38,5.04,3.05,3.79,5.96
12,39,2.85,6.86,3.1,2.23
12,40,1.9,7.97,1.9,2.04
13,1,1.97,9,1.99,2.01
13,2,8.51,5.97,6.01,8.51
13,3,5.08,3.08,6.08,6.01
13,4,7.04,6.06,4.04,7.05
13,5,4.04,7.04,1.99,7.59
13,6,4.94,1.55,7.03,1.97
13,7,7.6,6.06,4.99,7.03
13,8,4.03,7.51,8.09,3.58
13,9,5.47,6.08,2,8.53
13,10,2.99,8.03,8.08,1
13,11,2.54,8.01,9,4.08
13,12,4.46,6.97,7.1,5
13,13,1,8.97,1,2.08
13,14,1,9,1,3.03
13,15,4.01,4.96,2.99,6.05
13,16,6.15,8.09,5.01,6.08
13,17,4.55,7.01,8.04,4.42
13,18,5.99,5.03,3.04,6.01
13,19,3.05,7.06,1.99,2.92
13,20,4.01,9,7.05,6.04
13,21,5,1,1,4.1
13,22,2.97,4.04,1.91,7.09
13,23,5.04,4,7.01,5.99
13,24,4.05,9,6.01,5.99
13,25,7.08,8.01,4.03,7.1
13,26,1,9,1,1
13,27,9,7.06,5.09,6.96
13,28,2.92,8.99,9,3.04
13,29,9,7.06,4.06,9
13,30,5.01,7.97,8.01,6.03
13,31,7.06,6.99,6.04,7.08
13,32,3.97,6.04,5.09,8.01
13,33,2,6,1.95,4.04
13,34,7.99,7.03,7.03,8.12
13,35,7.97,5.04,6.1,7.99
13,36,7.94,5.99,3.03,7.06
13,37,7.08,7.01,6.05,7.01
13,38,1,5.99,1,6.95
13,39,1.97,9,1,7.06
13,40,4.08,9,7.03,7.08
14,1,3.99,7.06,7.99,8.03
14,2,1.88,8.03,7.09,4.05
14,3,2.53,2.96,2.1,6
14,4,1.1,5.94,3.14,7.04
14,5,6.05,7.9,5.06,5.01
14,6,6.79,3.19,3.88,6.85
14,7,8.03,4.36,7.99,7.99
14,8,7,6.21,7.18,7.96
14,9,7.08,3.37,5.14,7.17
14,10,4.1,3.14,3.01,5.01
14,11,8.22,7.78,4,7.42
14,12,7.33,6.63,3.27,4.65
14,13,2.01,6.21,6.13,2.01
14,14,7.69,7.44,8.42,8.92
14,15,7.38,6.72,6.18,6.94
14,16,6.65,7.06,7.78,2.78
14,17,1.99,6.95,7.01,3.4
14,18,6.68,6.86,6,5.23
14,19,2.36,6.19,2.45,5.71
14,20,2.5,6.08,2.73,1.09
14,21,2.92,5.96,3.24,6.53
14,22,7.5,6.68,7.14,7.58
14,23,7.19,6.83,6.55,7.67
14,24,7.55,5.92,6.06,5.23
14,25,2.26,5.77,3.23,3.13
14,26,1.03,6.09,1.94,3.78
14,27,8.03,4.26,5.73,7.85
14,28,7.63,2.6,5.08,7.01
14,29,3.28,2.32,4,6.77
14,30,3.18,5.83,3.81,2.9
14,31,3.26,6.49,6.27,5.82
14,32,8.09,3.15,5.08,7.53
14,33,6.06,3.32,6.28,6.04
14,34,3.96,2.35,3.65,4.51
14,35,2.68,6.17,3.68,3.49
14,36,3.47,5.96,4.04,2.4
14,37,3.87,3.09,3.06,6.36
14,38,2.41,5.95,2.69,6.96
14,39,5.81,3.09,3.97,6.74
14,40,6.85,5.53,6.18,7.62
15,1,4.05,6.08,4.01,8
15,2,4.01,4.97,4.04,7.04
15,3,8.9,5.86,7.26,8.04
15,4,4.01,7.12,1.04,2.12
15,5,2.08,7.03,1.03,1
15,6,8.99,5.01,7.26,9
15,7,3.96,5,4.08,2.03
15,8,5.04,3.06,5.95,5.01
15,9,2.04,6.99,4.03,6.95
15,10,4.96,3.04,2.95,6
15,11,4.12,2.04,4.06,3.96
15,12,7.04,3.01,6.08,7
15,13,8.12,4.03,9,7.05
15,14,8.04,3.96,6.04,8.04
15,15,8.1,2.96,7.04,8.12
15,16,4.17,2.95,4.03,6.06
15,17,9,5.13,8.01,8.95
15,18,3.05,4.12,2.88,4.03
15,19,4.99,5.04,7.06,5.95
15,20,5.04,4.06,5.03,6.09
15,21,3.01,4.01,4.13,1
15,22,7.97,5.06,7.06,9
15,23,3.04,5.04,1.9,1
15,24,4,5.03,2.01,1
15,25,5.05,6.91,5.03,2.1
15,26,1.92,6.05,2.92,8.01
15,27,9,5.06,6.99,8.03
15,28,7.06,4.04,6,8.05
15,29,2.99,4.01,3.03,2.95
15,30,7.08,2.99,6.06,6.13
15,31,7.04,4.05,6.96,7.05
15,32,2.96,5.04,2.95,8
15,33,3.09,3.14,3.13,4.1
15,34,8.04,5,7.06,9
15,35,9,7.15,9,9
15,36,8.15,3.95,7.03,9
15,37,9,5.04,9,7.05
15,38,6,4.14,5.17,8.06
15,39,3.01,7.13,2.97,1
15,40,3.97,6.05,3.1,1
16,1,3.64,6.28,2.83,6.96
16,2,5.01,8.12,4.96,2.86
16,3,5.51,7.9,9,8.14
16,4,4.99,3.63,5.05,2.78
16,5,6.09,5.5,6.44,5.83
16,6,4.18,4.24,4.55,2.96
16,7,4.42,2,6.22,2.62
16,8,3.9,3.83,2.77,3.54
16,9,3.82,5.87,7.63,1.87
16,10,7.09,5.67,2.53,5.65
16,11,6.13,5.97,8.49,6
16,12,5.14,7.5,9,7.01
16,13,2.67,5.53,1,6.05
16,14,3.74,3.77,4.05,6.19
16,15,1,3.71,4.22,1.82
16,16,6.79,1,5.03,4.36
16,17,6.74,5.83,6.37,6.83
16,18,3.88,5.79,5.04,6.19
16,19,1.21,8.47,1.19,9
16,20,2.59,5.49,2.88,1.83
16,21,2.47,3.45,2.4,2.13
16,22,2.51,5.38,1.53,5.99
16,23,5.05,3.83,6.17,5.88
16,24,3.51,2.88,7.14,1.5
16,25,3.23,2.79,3.09,2.62
16,26,6.56,5.72,5.22,7.37
16,27,6.45,5.03,5.04,5.54
16,28,1.82,6.21,3.36,7.56
16,29,4.97,1,5.05,2.76
16,30,1,7.53,1,1
16,31,7.27,4.27,5.04,3.15
16,32,6.1,3.68,3.88,6.05
16,33,1,3.92,4.96,1
16,34,6.83,2.87,6.17,7.14
16,35,3.88,2.14,1.42,2.54
16,36,2.85,3.38,3.44,6.69
16,37,5.97,3.9,4.1,6.01
16,38,2.86,2.94,3.9,2.4
16,39,4.27,6.26,7.94,6.53
16,40,2.51,5.65,2.9,1.97
17,1,6.05,4.99,5,6.03
17,2,6.09,7.05,5.54,6.06
17,3,7.1,7.03,5.95,4.01
17,4,4.05,5.96,5.01,5.04
17,5,6.18,4,5.04,6.47
17,6,4.12,2.5,5.04,3.83
17,7,4.99,6.38,4.82,2.88
17,8,7.26,7.03,5.28,7.31
17,9,5.04,6.03,5.05,5.72
17,10,6.9,5.95,5.37,7.14
17,11,3.62,2.95,5.04,2.92
17,12,6.04,6.13,5.1,6.24
17,13,5.96,4.06,5.04,5.99
17,14,3.73,2.77,5.81,3.73
17,15,7.27,6.03,5.04,6.1
17,16,5.54,5,5.47,5.9
17,17,4.54,5.69,4.23,5.63
17,18,5.92,3.62,5.6,6.28
17,19,3.96,3.29,5.04,2.62
17,20,4.53,4.27,4.5,6.06
17,21,3.83,5.74,5.55,2.86
17,22,5.64,3.78,5.77,6.04
17,23,4.04,5.86,5.08,3.94
17,24,4.54,5.51,5.08,6.47
17,25,7.08,6.6,5.87,8.13
17,26,3.04,5.81,4.59,6.08
17,27,6.35,5.56,5.74,4.04
17,28,3.37,6.12,5.31,2.15
17,29,6.22,3.83,5.49,7.69
17,30,4.17,5.74,5.46,2.35
17,31,7.03,3.88,5.87,6.27
17,32,6.46,5.78,5.04,6.04
17,33,5.96,3.68,5.59,4.96
17,34,4,4.09,5.24,4.21
17,35,6.58,5.85,5.59,7.32
17,36,7.05,8.15,6.12,7.35
17,37,6.03,5.67,5.86,6.1
17,38,3.46,7.03,5.86,1
17,39,3.19,3.82,5.72,5.69
17,40,3.6,6.23,5.81,2.4
18,1,4.23,5.6,5.73,3.69
18,2,6.09,7.29,7.31,7.73
18,3,4.38,4.03,5.73,3.67
18,4,6.36,6.72,6.08,6.32
18,5,6.62,3.94,6.14,6.09
18,6,6.55,6.03,5.94,6.56
18,7,6.24,6.6,6.03,5.47
18,8,4.06,4.58,5.64,3.99
18,9,7.33,4.09,4.86,6.15
18,10,4,6.24,6.37,4.05
18,11,6.13,7.72,7.54,7.59
18,12,4.56,4.15,6.21,3.13
18,13,5.55,4.63,5.04,4.13
18,14,7.33,6.94,6.88,6.28
18,15,5.44,3.08,5.58,4.05
18,16,6.04,5.35,5.5,4.77
18,17,6.65,7.97,6.73,6.78
18,18,7.04,6.83,6.05,7.29
18,19,5.94,5.24,5.9,5.36
18,20,4.44,6.05,6.97,6.4
18,21,6.87,6.09,6.36,5.67
18,22,6.33,6.74,5.74,6.26
18,23,7.74,5.77,7.03,8.51
18,24,5.24,6.99,7.08,6.05
18,25,6.51,6.04,5.33,6.05
18,26,3.22,6.21,2.81,6.35
18,27,7.05,3.08,5.97,6.64
18,28,5.69,3.97,5.03,4.12
18,29,4.9,4.22,4.29,3.92
18,30,3.92,4.33,4.4,4.29
18,31,5,5.49,5.97,4.59
18,32,4.62,6.73,6.32,5.91
18,33,5.12,7.06,6.81,6.03
18,34,5.95,4.38,5.41,5.94
18,35,5,6.06,6.09,4.99
18,36,4.15,3.26,6.28,3.22
18,37,2.96,5.51,3.78,4.46
18,38,4.51,4.04,5.01,3.01
18,39,6.24,5.71,5.77,5.99
18,40,3.71,4.31,4.99,4.31
19,1,1.62,7.58,5.81,1
19,2,6.13,6.01,4.95,3.29
19,3,3.24,1.95,2.6,5.5
19,4,7.38,3.54,3.29,8.77
19,5,5.04,4.87,5.04,5.26
19,6,6.82,7.04,6.03,7.31
19,7,3.15,5.53,5.92,1
19,8,5.83,5.63,5.91,6.19
19,9,5.01,7.67,6.78,8.01
19,10,6.76,3.01,2.05,6.13
19,11,3.71,5.95,5.54,2.96
19,12,7.73,6.9,5.97,7.71
19,13,3.77,3.74,2.12,4.51
19,14,2.19,3.28,3.08,6.13
19,15,4.96,7.71,6.99,6.74
19,16,6.21,2.08,2.88,6.96
19,17,2.82,5.44,4.09,3.74
19,18,7.79,8.62,7.96,9
19,19,5.77,5.53,4.05,5.74
19,20,4.17,6.53,5.82,4.88
19,21,2.85,2.26,3.76,6.58
19,22,5.04,5.05,5.04,1
19,23,4.95,3.53,2.41,5.41
19,24,7.09,5.67,5.03,6.87
19,25,3.21,6.03,6.4,1
19,26,5.03,5.88,4.58,2.74
19,27,7.44,6.45,5.91,6.95
19,28,4.24,6.33,6.06,1.83
19,29,3.23,4.01,5.83,5.41
19,30,2.19,3.81,3.29,7.54
19,31,7.77,6.35,5.03,7.53
19,32,7.53,6.49,5.05,7.56
19,33,5.68,2.73,2.56,6.42
19,34,6.46,6.81,5.83,6.29
19,35,6.26,5.67,3.53,6.21
19,36,4.97,2.97,5.04,3.51
19,37,7.65,7.05,6.19,7.96
19,38,6.64,6.59,5,6.83
19,39,3.4,7.13,6.24,1.44
19,40,7.44,6.67,6.53,6.94
20,1,6.35,5.26,4.68,6.29
20,2,7.35,6.36,3.69,7.22
20,3,8.22,7.31,5.04,8.1
20,4,5.76,4.78,3.78,5.31
20,5,5.13,6.81,4.08,8.06
20,6,4.31,3.24,2.26,5.04
20,7,5.03,3,2.63,3.71
20,8,2.99,5.04,5.04,5.04
20,9,4.29,7.49,3.35,5.44
20,10,4.97,4.92,5.04,3.03
20,11,4.67,6.13,3.71,3.47
20,12,5.04,4.99,5.04,6.68
20,13,7.05,5.92,5.46,6.91
20,14,4.46,6.28,2.73,4.46
20,15,6.65,5.31,5.32,5.96
20,16,8.82,8.06,7.86,8.32
20,17,5.01,3.26,5.04,5.88
20,18,4.94,2.83,4.51,2.28
20,19,3.01,5.28,3.99,2.47
20,20,4.64,6.01,5.04,4.08
20,21,6.77,5.04,3.1,6.81
20,22,2.44,5.47,2.17,7.19
20,23,7.59,5.62,6.06,7.63
20,24,3,5.01,2.94,5.54
20,25,6.28,5.71,4.23,5.55
20,26,2.82,6.31,2.38,7.81
20,27,7.91,5.04,7.37,7.72
20,28,4.06,5.36,3.78,5.95
20,29,4.35,7.45,5.04,3.18
20,30,3.49,6.54,2.04,6.29
20,31,5.27,7.01,5.04,6.24
20,32,3.38,5.94,4.49,2.97
20,33,7.18,4.23,5.69,7.37
20,34,4.74,7.08,4.59,2.62
20,35,7.62,5.74,3.18,7.79
20,36,7.64,5.46,6.44,6.36
20,37,7.63,5.92,7.85,7.68
20,38,6.4,5.6,4.67,5.81
20,39,8.18,6.41,7.1,7.37
20,40,5.03,3.91,4.95,3.96
21,1,4.83,3.35,4.96,2.73
21,2,7.26,6.29,7.72,6.78
21,3,6.42,4.21,6.13,3.55
21,4,6.88,7.21,8.26,6.49
21,5,4.27,6.17,4.83,4.71
21,6,6.27,7.01,8.79,6.99
21,7,6.09,6.77,7.29,3.18
21,8,3.01,6.41,6.06,5.88
21,9,4.63,4.06,3.08,6.13
21,10,5.53,4.01,5.03,2.91
21,11,2.09,6.03,4.03,2.58
21,12,4.92,2.91,5.94,1
21,13,7.03,7.04,9,6.56
21,14,7.05,6.04,4.06,6.03
21,15,6.92,5.99,6,6.1
21,16,4.08,2.91,2.95,2.24
21,17,8.1,7.1,6.87,6.94
21,18,4.69,6.04,4.01,5.99
21,19,3.03,6,7.03,1.15
21,20,7.05,6.58,7.17,6.54
21,21,5.99,7.1,7.09,7.01
21,22,8.81,7.1,7.13,7.94
21,23,7.92,7.05,6.14,6.86
21,24,4.06,2.91,2.92,2.04
21,25,7.05,6.88,8.09,6.49
21,26,3.99,5.77,6.96,1.94
21,27,5.05,6.01,5,3.03
21,28,3.45,6.56,3.95,5.63
21,29,4.01,6.08,3.09,5.99
21,30,2.99,6.01,2.97,5.55
21,31,8.09,7.15,8.55,7.01
21,32,3.04,6.08,1.97,1.94
21,33,8.56,7,8.6,8.03
21,34,7.99,8.23,8.05,7.51
21,35,5.04,5.01,7.49,6.01
21,36,3.04,5.96,4.06,6.03
21,37,4.06,3.99,1.99,4.04
21,38,2.33,6.05,2.83,4.06
21,39,7.05,6.56,9,5.97
21,40,3.97,7.03,3.69,6
22,1,6.03,4.99,5.04,5.04
22,2,2.97,4.95,6.04,4.04
22,3,8.05,6.06,6.08,7.05
22,4,4.97,3,5,2.97
22,5,1.99,7.01,4.05,1
22,6,6.06,4.05,6.05,6.04
22,7,2.01,1.96,2.97,2.92
22,8,1,7.03,3.04,6.99
22,9,4.99,1,4.97,2.97
22,10,5,1,5.04,1.94
22,11,4.03,2.01,5.04,7.01
22,12,1,7.05,1.97,1
22,13,4.05,4.06,5.04,5.01
22,14,1,6.05,2.05,1
22,15,7.01,4.97,6.05,8.03
22,16,5.05,1.99,5.04,2.99
22,17,8.05,6.01,6.04,8
22,18,5.04,7.05,7.05,2.01
22,19,7.06,5.96,6.13,5.95
22,20,7.09,5,6.03,6.94
22,21,1.96,7.06,7.05,7.04
22,22,1,7.01,4.03,1
22,23,9,6.14,6.04,7.99
22,24,7.06,5.99,6.04,7.05
22,25,5,3,5.04,6.03
22,26,1.96,7.05,4.01,8.04
22,27,7.05,6.03,4.99,6
22,28,9,8.05,9,9
22,29,5.04,4.04,5.04,5
22,30,7.08,5.03,4.99,6.04
22,31,7.1,7.08,7.04,7.04
22,32,8.08,6.08,7.05,8.06
22,33,2.97,1.96,5.04,1.03
22,34,2.99,5.03,3.97,6.04
22,35,2,6.05,4.04,7.06
22,36,4,6.06,6.03,5
22,37,1.96,7.06,2.94,1
22,38,7.08,7.05,6.06,7.12
22,39,2.95,4.9,2.96,7.05
22,40,1.99,7.08,4.08,1
23,1,5.09,4.97,4.97,5.97
23,2,2.97,1,5.06,2.03
23,3,7.03,5,7.01,6.04
23,4,6.94,7.01,7.05,6.01
23,5,7.12,4.95,8.03,7.05
23,6,5.18,1,5,1.95
23,7,4.97,1,3.96,2.1
23,8,3.96,1,4.94,1.91
23,9,5.01,2.99,5.06,4.03
23,10,4.86,1,4.99,1.87
23,11,5.04,1,4.94,1.85
23,12,8.01,7.01,7.85,8.01
23,13,5.04,1,5.04,2.03
23,14,4.88,1,3.05,2.04
23,15,5,1,7.06,2.01
23,16,4.97,1,6.05,1.77
23,17,1.91,1,7.38,1
23,18,3.72,1.06,7.15,2.96
23,19,2.86,1,3.51,1.06
23,20,7.09,4.14,7,6.79
23,21,5.06,1.05,5.04,2.88
23,22,4.92,1,5.28,1.86
23,23,4.17,1.97,5.82,4.05
23,24,8.01,5.06,7.47,8.01
23,25,8.27,5,8.32,8.12
23,26,7,1.91,7.04,7
23,27,3.88,1.19,4.13,7.42
23,28,7,1.96,7.5,7.37
23,29,7.97,7.04,8.28,8.06
23,30,8.21,6.97,8.27,8.42
23,31,8.15,5.01,7.82,8.09
23,32,7,5,7.46,8.1
23,33,7.71,6.56,7.71,7.74
23,34,8.94,7.81,7.99,8.99
23,35,9,9,9,9
23,36,4.31,1,4.85,2.03
23,37,6.53,2.03,6.51,7.94
23,38,7.23,4.95,7.37,7.83
23,39,5.15,1.91,5.04,3.77
23,40,6.72,6.35,6.79,7.91
24,1,7.03,5.05,7.08,5
24,2,4.08,5.99,4.97,4.03
24,3,1,8.06,1.97,4.14
24,4,4.03,6.08,7.08,3
24,5,3.03,6.06,4.03,6.91
24,6,6.08,5.03,7.1,6.14
24,7,8.96,7,7.09,8
24,8,1,8.03,3.06,7.99
24,9,5.96,5.99,5.01,4.04
24,10,4.05,6.99,4.06,7.08
24,11,1.96,8.05,8,5.94
24,12,6.04,6.09,6.97,6.01
24,13,2.94,7.97,2.99,7.03
24,14,4,4.06,5.03,6.01
24,15,7.06,5.96,7.03,7.03
24,16,8.96,7.12,8.96,6.05
24,17,7.08,5.01,8.04,8.05
24,18,4.03,6.05,4.03,6
24,19,3.04,5.94,5.96,2
24,20,3.97,6.04,4.97,4.05
24,21,5.01,5.04,6.03,3.97
24,22,6.05,7.05,6.05,6.97
24,23,3,8.01,4.03,6.03
24,24,7.06,6.09,8.03,7.04
24,25,5.01,3.03,5.06,1.97
24,26,4,4.96,2.97,4.01
24,27,4,6,4.05,3.08
24,28,2.99,6.06,2.04,3
24,29,7.04,3.06,7.06,5.04
24,30,2.03,7.08,1.94,4.05
24,31,6,2,6.03,4.09
24,32,3.12,6.99,4.04,4.97
24,33,2.12,7.95,3.01,4.09
24,34,7.03,4.99,6.04,6.01
24,35,5,2.97,4.99,4.04
24,36,4.05,5.01,4.01,3.03
24,37,7.03,5.06,7.08,5.95
24,38,4.05,6.03,5.04,3.97
24,39,8,6.06,6.03,7.04
24,40,8.05,6.04,7.08,6.01
25,1,3.05,2,7.04,7.99
25,2,5.01,1.03,6.04,1
25,3,4.03,4.14,5.01,8.03
25,4,1,7.05,8.09,1
25,5,8.09,7.99,8.08,8.03
25,6,5.04,5.04,5.05,4.94
25,7,5,6.06,8.05,6.04
25,8,2.01,7.03,8.05,7.14
25,9,5,2.01,8.03,1.9
25,10,1,7.08,9,1
25,11,7.08,7.09,8.06,7.04
25,12,5.04,1.94,5.01,2.04
25,13,8.03,7.06,8,8.06
25,14,4.95,3.05,7.97,1.97
25,15,3.04,6.04,6.04,7.14
25,16,1,6.04,9,1
25,17,8.04,8.06,8.06,9
25,18,4.96,5.06,7.06,3.05
25,19,6.08,8.05,8.03,7.01
25,20,2.99,6.06,7.04,6.03
25,21,1.94,6.06,8.09,1.04
25,22,8.06,8.08,7.12,8.1
25,23,1,6.06,8,1
25,24,3,7.1,4.08,7.1
25,25,8.09,7.04,6,9
25,26,8.04,8.08,6,9
25,27,6.03,5,5.96,6.12
25,28,1,4.97,8.09,1
25,29,7.06,6.08,6.08,7.1
25,30,7.01,5.08,6.09,8.08
25,31,5.03,2.97,7.97,4.92
25,32,3.03,6,6.01,2.09
25,33,1.01,7.12,3.06,8.03
25,34,1,5.99,4.03,9
25,35,7.12,7.09,6.99,6.94
25,36,7.97,6.04,7.04,8.12
25,37,4.99,1.06,8.04,5.04
25,38,9,9,6.08,8.1
25,39,1,6.12,7.05,1.12
25,40,6.05,3.01,7.03,6.04
26,1,3.06,1,4.97,2.05
26,2,8.04,6.88,5.99,8.96
26,3,3.08,2.91,2.92,6.06
26,4,6,4.03,5.04,9
26,5,8.05,7.17,6.04,9
26,6,1.96,1.96,4.12,6.97
26,7,2.92,1.92,2.72,6.01
26,8,4,3.01,5.04,2.01
26,9,6.09,4.9,6.04,8.97
26,10,5.04,5.03,5.04,5.14
26,11,6.08,7.1,7,7.08
26,12,6.97,4.99,6.23,6.88
26,13,7.04,5.04,5.97,7.04
26,14,1.97,1.94,3.09,6.97
26,15,2.28,2.88,3.96,6.13
26,16,1,1,2.79,1
26,17,5.97,5.04,3.95,6.09
26,18,7.14,3.95,5.03,8.15
26,19,4.95,2.01,2.88,7.1
26,20,6.19,3,6.1,3.12
26,21,8.01,8.17,7.12,9
26,22,1,1,3.99,1
26,23,9,4.96,6.12,9
26,24,2.97,1,3.09,3.96
26,25,8.09,7.04,7.04,9
26,26,6.06,2.94,5.06,7.22
26,27,5.05,4.04,5.04,6
26,28,1.95,1.97,3.97,1.04
26,29,7.01,5.04,4.92,6.12
26,30,9,2.99,6.17,8.99
26,31,1,5.01,3.18,3.01
26,32,9,8.05,7.13,9
26,33,7.12,2.94,6.05,7.1
26,34,9,8.08,7.1,8.96
26,35,8.08,6.97,7.05,9
26,36,1.15,1.06,2.18,1
26,37,8,7.06,6.03,7.96
26,38,6.96,7.13,6.05,8.13
26,39,7.97,7.9,6.21,8.86
26,40,8.03,8.05,6.09,9
27,1,9,5.04,9,8.05
27,2,5.04,3.04,8.97,5.04
27,3,1,4.91,6.92,1
27,4,7.29,5.04,9,8.08
27,5,4.94,5.04,9,7.03
27,6,7,5.04,8.08,7.96
27,7,8.06,7.03,9,9
27,8,5.04,5.03,9,6
27,9,9,7.08,9,9
27,10,6.01,5.04,7.06,7.03
27,11,8.24,8.17,8.01,9
27,12,7.05,7.01,9,7.08
27,13,8.06,6.06,8.95,8.03
27,14,4.97,1,9,1
27,15,2.99,5.03,7.1,5.13
27,16,7.01,7.14,9,8.03
27,17,5.04,2.01,9,7.06
27,18,8,6.04,9,8.03
27,19,5.08,6.04,8.04,7.09
27,20,5.04,2.06,9,6.08
27,21,6.13,7.21,9,8.1
27,22,9,8.04,9,9
27,23,9,8.14,9,8.12
27,24,1,1,5.03,5.04
27,25,5.04,3.06,9,5.04
27,26,7,7.03,9,8.1
27,27,8.99,9,9,9
27,28,6.97,5.04,9,6.06
27,29,2.85,1,9,1.12
27,30,5.06,2,9,4.04
27,31,2.14,1.01,9,1.97
27,32,5.04,3.06,9,5.04
27,33,4.97,1,9,1
27,34,6.03,5.04,9,6
27,35,4.18,5.04,8.96,5.04
27,36,4,1,9,6.04
27,37,7.08,7.04,8.96,8
27,38,9,8.99,9,9
27,39,7.18,5.04,9,7.03
27,40,8.9,7.97,8.97,7.99
28,1,6.06,2.05,5.04,5.99
28,2,5.99,7.06,7.03,6
28,3,7.99,8.1,8.06,9
28,4,8.09,9,7.08,9
28,5,2.01,1.95,3,4.95
28,6,5.03,1,5,2.05
28,7,3.05,7.05,8.01,3.03
28,8,7.01,7.92,9,7.06
28,9,5.04,1,3.03,2.01
28,10,6.99,3.09,7.05,6.97
28,11,1.99,2,2.88,9
28,12,1.08,6.05,8.96,1
28,13,9,7.04,7,9
28,14,4.04,3.01,3.04,6
28,15,7.03,7.09,8.01,8.01
28,16,8.08,2.97,5.06,8
28,17,1.96,7.96,9,1
28,18,7.01,4.03,6,7.03
28,19,8.15,8.1,8.06,9
28,20,5.04,5,5.04,4.99
28,21,1.01,5,8.95,1
28,22,6.91,2.01,5.97,7.97
28,23,8.08,7.09,6.96,8.08
28,24,1.99,1,1.91,2
28,25,4.06,3.05,6.97,8.09
28,26,8.03,3.04,7.04,8.97
28,27,2.03,3.04,1.99,2.01
28,28,7.01,2.09,2.99,6.01
28,29,7.99,7.13,8.08,8.08
28,30,6.08,6.01,6.01,6.94
28,31,8.04,6.99,5.01,7.99
28,32,2.09,1.01,2.05,1.9
28,33,6.91,7.04,7.99,7.06
28,34,1.04,3.06,2.05,2.06
28,35,7.1,7.04,7.14,7.97
28,36,7.04,8.03,8.19,9
28,37,2.06,1.97,2.92,3
28,38,7.03,7.08,7.06,9
28,39,2.9,1.85,3.09,2
28,40,3.08,2.96,1.92,1.88
29,1,8.03,6.08,7.04,8.06
29,2,3.03,3.97,4.06,4
29,3,7.04,5,6.03,7.05
29,4,6.05,8.05,8.06,8
29,5,7.01,5.04,6.03,6.09
29,6,5.01,5,7.03,1
29,7,9,7.08,8.01,8.08
29,8,6.04,4.05,5.04,4.08
29,9,6.05,8.08,9,4.95
29,10,7.05,6.06,5.05,5.99
29,11,8.03,7.01,7.01,7.01
29,12,4.04,9,7.08,4.01
29,13,6.06,2.92,3.96,6.08
29,14,7.05,7.05,7.01,8.1
29,15,2.92,2.03,8.03,1
29,16,3.05,2.99,3.04,5.04
29,17,5.08,1,2.03,3
29,18,8.06,5.05,8.03,9
29,19,1,8.04,2.04,1
29,20,1.99,7.03,1,1
29,21,7.01,9,9,7.95
29,22,7.04,7.1,8.06,7.12
29,23,2.05,1,2.88,1.92
29,24,6.06,5.06,6.05,6.04
29,25,1.04,2.1,2.03,5.01
29,26,5.03,7.05,8.05,5.04
29,27,7.06,6.06,7.03,7.08
29,28,1.92,8.04,1.99,1
29,29,7.09,6.06,8.99,7.94
29,30,3.97,1,4.03,3.04
29,31,3,1,2.05,1.91
29,32,7.17,8.09,8.06,6.99
29,33,3,1,2,1
29,34,8.03,7.09,9,6.97
29,35,4.12,7,7.1,6.05
29,36,2.95,7.12,2.1,6.04
29,37,1.88,1.79,1,1
29,38,4.01,1.97,3,3.29
29,39,3.95,7.97,3.04,1
29,40,6.01,7.09,8.05,6.05
30,1,5.99,4.95,6.05,6.08
30,2,3.92,4,3.99,4
30,3,4.04,4.97,3.96,2.95
30,4,4.13,3.95,2.71,2.03
30,5,5.04,5,5.04,6.14
30,6,2.97,4.12,5.04,1
30,7,5.04,5.04,5.04,5.04
30,8,7.26,7.06,7.03,8.12
30,9,3,2.99,3.06,1.03
30,10,3.05,2.9,3.05,1
30,11,5.15,3,5.04,2.01
30,12,5.04,4.94,5.04,7.15
30,13,6.06,7.14,5.23,6.08
30,14,7.13,6.06,5,5.03
30,15,7.15,6.12,4.95,7.94
30,16,5.01,1,5.05,3.18
30,17,6.19,6.94,5.04,6.08
30,18,7.04,6.96,6.06,7.09
30,19,4.99,6.01,4.91,3.05
30,20,8.27,7.03,5.01,7.19
30,21,6.22,5.95,6.19,6.01
30,22,6.05,6.01,6.19,5.94
30,23,6.15,5.92,5.92,7.01
30,24,5.01,4.01,5,2.79
30,25,3.91,3.05,4.09,1
30,26,4.04,6.14,4.09,5.99
30,27,4.05,4.03,4.18,3.06
30,28,5.04,5.04,5.03,5.04
30,29,4.05,4.06,4.03,2.96
30,30,5.06,4.97,3.91,3.12
30,31,5.01,3.94,7.04,4.03
30,32,5.08,4.99,9,2.97
30,33,7.05,5.06,7.03,6.97
30,34,5.05,3.99,9,2.04
30,35,7.23,5.1,5.1,6.05
30,36,4.03,2.96,6.88,3
30,37,7.08,6.14,4.99,7
30,38,8.01,6.27,6,7.12
30,39,5.04,5.04,5.04,5.04
30,40,3.86,3.95,5.12,3.97
31,1,7.95,6.06,6.04,7.01
31,2,8.09,4.04,8.04,8.09
31,3,1.95,8.03,2.08,1
31,4,5.03,7.06,3.08,4.03
31,5,5,1.95,5.04,7.17
31,6,9,2.82,8.23,9
31,7,5.01,1.96,7,6.97
31,8,7.08,1.96,4.05,8.04
31,9,5.09,8.04,8.05,6.09
31,10,6.79,5.97,8.08,8.09
31,11,5.09,1,8.03,6.09
31,12,1,7.97,1.01,1.04
31,13,1,9,1,1.01
31,14,5,2.06,7.04,5.99
31,15,3.99,8.06,2.09,2.03
31,16,3.13,8.01,1,7.06
31,17,1,9,1.01,1
31,18,4.97,6.95,1.96,1.96
31,19,1,9,1,1
31,20,4.99,4.97,6.06,6.1
31,21,7.06,2.62,6.9,8.12
31,22,4.94,2.1,5.04,5.95
31,23,6.05,5.06,5.04,6.29
31,24,6.14,3.1,7.97,7.06
31,25,6.9,3.12,7.86,6
31,26,6.09,4,2.03,7.05
31,27,4.18,9,2.85,1.88
31,28,4.03,7.14,1.81,1
31,29,5.04,3.96,5.04,5.99
31,30,6.06,3.88,6.04,6.96
31,31,6.03,4.04,6.12,8.01
31,32,6.97,2.96,5.97,6.99
31,33,4.01,6.08,1.62,5.03
31,34,6.22,5.03,6.13,7.08
31,35,8.04,5.08,7.05,8.09
31,36,1,7.08,8.04,4.09
31,37,5,5,3.03,6.92
31,38,6.05,1,8.03,6.13
31,39,7.14,2.1,2.86,8.03
31,40,8.06,3.95,8.03,8.08
32,1,6.03,5,8.28,6.36
32,2,3.87,7.15,7.13,6.23
32,3,7.1,6.03,9,6.83
32,4,7.09,3.87,9,6.99
32,5,7.86,4.17,8.94,7.04
32,6,5.01,1.77,9,2.81
32,7,4.06,1,6.96,1
32,8,4.99,2.99,7.96,1.01
32,9,7.96,6.06,8.05,7.15
32,10,2.81,6.13,6.06,1.04
32,11,3.97,6,7.03,6.23
32,12,4.12,5.99,7.17,3.83
32,13,1,7.31,4.85,6.86
32,14,4.15,6.06,8.09,6.18
32,15,5.78,3.99,7.99,2.28
32,16,3.88,7.26,6.04,1
32,17,7.31,3.88,9,5.33
32,18,6.96,5.14,9,6.14
32,19,3.99,7.17,4.85,1
32,20,6.09,5.03,9,3.94
32,21,8.24,6.22,8.99,6.88
32,22,1,7.27,4.73,6.92
32,23,7.15,4.03,9,1.88
32,24,6.03,4.12,9,5.03
32,25,3.91,6.96,5.82,3.12
32,26,4.05,6.27,7.03,1.26
32,27,7.15,5.94,9,4.81
32,28,6,7.24,7.97,5.81
32,29,4.17,5.96,7.13,1.97
32,30,8.24,7.24,9,8.04
32,31,3.05,7.01,5.1,1.1
32,32,4.09,6.08,8.97,4
32,33,5.14,3.09,8.83,3.08
32,34,4.94,4.09,9,2.09
32,35,3.01,6.15,5.08,6.17
32,36,8.13,4.83,9,4.87
32,37,8.03,7.06,8.96,8.18
32,38,8.05,7.09,8.86,7.08
32,39,4.01,7.17,8.01,6.94
32,40,4.08,5.95,8.82,3.9
